TERA/Character/NPC_VIP
		ailien/elion
		ailin1/ailin1
		ailin2/ailin2
		ailin3/ailin3
		ailin4/ailin4
		ailisha/ailisha_2
		airenkuanggong/airenkuanggong
		alekunchihou/alekunchihou
		alekunshifazhe/alekunshifazhe
		annongyongshi/annongyongshi
		bafengte/bafengte
		bahaleshilianzhe/bahaleshilianzhe
		beifuhuadeboboli/beifuhuadeboboli
		beikelihuashen/beikelihuashen
		bianxingnangua/bianxingnangua
		bianyinangua/bianyinangua
		bobolinongmin/bobolinongmin
		busiqishi/busiqishi001
		chuancizhe/chuancizhe
		dadijing/dadijing
		damonvyifulin/damonvyifulin
		damonvyifulin/damonvyifulin_wuqi
		defatushazhe/body
		defatushazhe2/body
		dibo/dibo
		dibo02/dibo
		diguoqiangqishi/body
		diguoqiangqishi2/body
		dijing/dijing
		dijinglaoda/dijinglaoda
		Dqiaonasen/fuhuodeqiaonasen
		Dshamoer/Dshamoer
		dulenusi/dulenusi
		duoluozhihun/duoluozhihun
		Dwennisha/Dwennisha1
		Dwennisha/Dwennisha2
		famugong/famugong
		fanbeierbojue/fanbeierbojue
		fanbeierguizu/fanbeierbojue
		fanbeiermaoshou/fanbeiermaoshou
		fanbeierpucong/fanbeierpucong
		fanbeiershuwei/fanbeiershuwei
		fanbeierweishi/fanbeierweishi
		fangzhoushouhuzhe/fangzhoushouhuzhe
		feihongxueyuanmonv/feihongxueyuanmonv
		fennudenanmin/fennudenanmin
		fuhuaweibing/fuhuaweibing
		fuleitiya/fuleitiya
		fumoshi/fumoshi
		gongguoshibing/body
		guanyuan/guanyuan
		guanyuan_yasong/guanyuan
		gudaiyijijushou/gudaiyijijushou
		gulong/gulong
		Gulong_Ground/gulong
		hanbingshouhuzhe/hanbingshouhuzhe
		haowanggangshibing/body
		HeiSeJunMa_L/Bip001/Bip001 Pelvis/Bip001 Spine/HangPoint_Ride/junma
		honglong/honglong
		huangmojiancizhizhu/canbaojiancizhizhu
		hunjisi/Sphere001
		huojiasiqinwang/huojiasiqinwang
		huoyunmache/huoyunmache
		huweiduizhang/huweiduizhang
		jianjiaoshuling/jianjiaoshuling
		jianshitongling_2/jianshitongling_2
		jinglingfashi/jinglingfashi
		jinglingfurennv/jinglingfurennv
		jinglingguizu/jinglingguizu001
		jinglingjun_jinzhan/body
		jinglingjun_yuancheng/youxia
		jinglingmodaoshi/jinglingmodaoshi
		jinglingnanzi/jinglingnanzi
		jinglingnvhai/jinglingnvhai
		jinglingnvpingmin/jinglingnvpingmin
		jinglingyouxia_jinzhan/body
		jinglingzhanglao_a/jinglingzhanglao_a
		jinglingzhanglao_b/jinglingzhanglao_b
		kalasishilian/kalasishilian
		kamayiqiuzhang/kamayiqiuzhang
		kanpasuo/kanpasuo
		kasitanikejiefei/kasitanikejiefei
		kataya/kataya
		kuanggong/famugong
		kuishizhiyan/kuishizhiyan
		kulashouling/body
		kulatufu/lulashouling
		kusa/kusa
		lianmengjunduizhang/shoubeijunduizhang
		lieren/lieren
		lirenkuilei/lirenkuilei
		luokexintu/luokexintu
		luokexunjiaojun/luokexunjiaojun
		luxinghuimiezhe/luxinghuimiezhe
		lvlong/honglong
		lvzhouxingzhe/shaxingzheshouling
		maligousi/maligousi
		mine_gn_shiti_lianmengjunshiti
		mine_gn_shiti_shoubeijun_corpse2
		mine_gn_shiti_shoubeijun_corpse3
		mine_gn_shiti_shoubeijun_corpse4
		mine_gn_shiti_shoubeijun_corpse5
		mine_wd01_jinshu_jingjichangqiulong/tanikenanmin
		mitela/body
		MoFaFeiTan/Tmotan
		mohe/mohe
		mohuayifulin/mohuayifulin
		mohuayifulin/mohuayifulin_wuqi
		mushi/body
		nanguayinying/nanguayinying
		nanmintongchuzhe/nanmintongchuzhe
		nigulasi/nigulasi
		nuli/nuli
		nuli/nuli
		nuli2/nuli
		nuli3/nuli3
		nulizhandou/nuli
		nulizhandou02/nuli
		nulizhandou3/nuli3
		pantaokaiyazhijian/pantaokaiyazhijian
		peitaiyong/peitaiyong
		pig/pig
		puliangqiuzhang/body
		qianchengzhe/body
		qiliandepucong/body
		qinglanxueyuanmonv/feihongxueyuanmonv
		renleinanpingmin/renleinanpingmin
		renleinvguizu/renleinvguizu
		renleishiminnan/renleishiminnan
		sailien/sailien_1
		sailien/sailien_2
		sailien2/sailien2
		sanlian/qilien
		scene_shiti_jinglingjunjinzhan/body
		scene_shiti_jinglingjunyuancheng/youxia
		scene_shiti_jinglingzhanglaoa/jinglingzhanglao_a
		scene_shiti_jinglingzhanglaob/jinglingzhanglao_b
		shamoer/body
		shangren/shangren
		shaxingzheshouling/shaxingzheshouling
		shaxingzheyongzhe/shaxingzheyongzhe
		shibiannanjue/shibiannanjue
		shixueshaluzhe/shixueshaluzhe
		shoubeijun/body
		shoubeijun01/body
		shoubeijunduizhang/shoubeijunduizhang
		shoubeijunduizhang01/telien_fast
		Shoubeijunduizhang01_zhandou/telien_fast
		shumiaochengnian/shumiaochengnian
		shumiaoqingshaonian/shumiaoqingshaonian
		shumiaoyounian/jianjiaoshuling
		tanikefujianv/tanikefujianv
		tanikenanmin/tanikenanmin
		tanikenanmin2/tanikenanmin2
		tanikenanmin3/tanikenanmin3
		tanikenanmin4/tanikenanmin4
		tanikenanminnv/Sphere001
		tanikenanminzhandou/tanikenanmin
		tanikenanminzhandou2/tanikenanmin2
		tanikenanminzhandou3/tanikenanmin3
		tanikenvhai/tanikenvhai
		tanikepingminnv/tanikepingminnv
		teleituo/teleiluo
		telien_death/telien_fast
		telien_fast/telien_fast
		telien_normal/telien_normal
		testlong/honglong
		tiejiang/body
		titusishilian/gudaiyijijushou
		weierailin/weierailin
		wendigezhanshi/wendigezhanshi
		xianjizhe/body
		xiaoshumiao/jianjiaoshuling
		xikandazhujiao/body
		xikanlanni/body
		xikanlannilaoshi/body
		xuejishi/xuejishi
		xueroukuilei/xueroukuilei
		xuesebaojun/Object001
		xuesebaojun/Object002
		xuesebaojun/xuesebaojun
		xueshizhe/xueshizhe001
		yeying/yeying
		yisilianshilianzhe/yisilianshilianzhe
		Yuanshengshaluzhe/shixueshaluzhe
		yuanzhengjunshibing/body
		yuanzhengshibing/body
		zhulasishilianzhe/body
		ZongSeJunMa_L/Bip001/Bip001 Pelvis/Bip001 Spine/HangPoint_Ride/junma
		zuzhoujinwei/zuzhoujinwei
		zuzhoujuntangaojieshushi/zuzhoujuntuangaojieshushi
		zuzhoujuntuanjiangjun/zuzhoujuntuanjiangjun
		zuzhoujuntuankuangzhanshi/zuzhoujuntuankuangzhanshi
		zuzhoujuntuanqiangbing/zuzhoujuntuanqiangbing
		zuzhoujuntuanshifazhe/zuzhoujuntuanshifazhe
