TERA/Environment/MobileDiffuse
		city_new_dimian_01/city_new_dimian_01_03
		city_new_dimian_03/city_new_dimian_03_03
		city_new_dimian_04/city_new_dimian_04_03
		city_new_dimian_05/city_new_dimian_05_03
		city_new_dimian_05/FMC_grass04
		CreatCharacter_1/Job1/MainAnimator/BGAnimator/Char_Stand_Humwar/Login_Creat_BGhum_stand/Login_BG_stand_Hum04
		CreatCharacter_1/Job1/MainAnimator/BGAnimator/Char_Stand_Humwar/Login_Creat_BGhum_stand/Login_BG_stand_Hum05
		CreatCharacter_1/Job1/MainAnimator/BGAnimator/Char_Stand_Humwar/Login_Creat_BGhum_stand/Login_BG_stand_Hum06
		CreatCharacter_1/Job1/MainAnimator/BGAnimator/Char_Stand_Humwar/Login_Creat_BGhum_stand/Login_BG_stand_Hum07
		CreatCharacter_1/Job1/MainAnimator/BGAnimator/Char_Stand_Humwar/Login_Creat_BGhum_stand/Login_BG_stand_Hum11
		CreatCharacter_1/Job1/MainAnimator/BGAnimator/Char_Stand_Humwar/Login_Creat_BGhum_stand/Login_BG_stand_Hum12
		CreatCharacter_4/Job4/MainAnimator/BGAnimator/BG_charStand/Login_Creat_BGspa_stand1/Login_Creat_BGspa_stand401
		CreatCharacter_4/Job4/MainAnimator/BGAnimator/BG_charStand/Login_Creat_BGspa_stand1/Login_Creat_BGspa_stand402
		CreatCharacter_4/Job4/MainAnimator/BGAnimator/BG_charStand/Login_Creat_BGspa_stand1/Login_Creat_BGspa_stand403
		CreatCharacter_4/Job4/MainAnimator/BGAnimator/BG_charStand/Login_Creat_BGspa_stand1/login_spa_BGstand01
		CreatCharacter_4/Job4/MainAnimator/BGAnimator/BG_charStand/Login_Creat_BGspa_stand1/login_spa_BGstand02
		CreatCharacter_4/Job4/MainAnimator/BGAnimator/BG_charStand/Login_Creat_BGspa_stand1/login_spa_BGstand03
		CreatCharacter_4/Job4/MainAnimator/BGAnimator/BG_charStand/Login_Creat_BGspa_stand1/login_spa_BGstand05
		CreatCharacter_4/Job4/MainAnimator/BGAnimator/BG_charStand/Login_Creat_BGspa_stand1/login_spa_BGstand06
		CreatCharacter_4/Job4/MainAnimator/BGAnimator/BG_charStand/Login_Creat_BGspa_stand2/login_spa_BGstanduvc201
		CreatCharacter_4/Job4/MainAnimator/BGAnimator/BG_charStand/Login_Creat_BGspa_stand2/login_spa_BGstanduvc203
		CreatCharacter_4/Job4/MainAnimator/BGAnimator/BG_charStand_CG/stand/Login_Creat_BGspa_stand1_CG/Login_Creat_BGspa_stand401_CG
		CreatCharacter_4/Job4/MainAnimator/BGAnimator/BG_charStand_CG/stand/Login_Creat_BGspa_stand1_CG/Login_Creat_BGspa_stand402_CG
		CreatCharacter_4/Job4/MainAnimator/BGAnimator/BG_charStand_CG/stand/Login_Creat_BGspa_stand1_CG/Login_Creat_BGspa_stand403_CG
		CreatCharacter_4/Job4/MainAnimator/BGAnimator/BG_charStand_CG/stand/Login_Creat_BGspa_stand1_CG/login_spa_BGstand01_CG
		CreatCharacter_4/Job4/MainAnimator/BGAnimator/BG_charStand_CG/stand/Login_Creat_BGspa_stand1_CG/login_spa_BGstand02_CG
		CreatCharacter_4/Job4/MainAnimator/BGAnimator/BG_charStand_CG/stand/Login_Creat_BGspa_stand1_CG/login_spa_BGstand03_CG
		CreatCharacter_4/Job4/MainAnimator/BGAnimator/BG_charStand_CG/stand/Login_Creat_BGspa_stand1_CG/login_spa_BGstand05_CG
		CreatCharacter_4/Job4/MainAnimator/BGAnimator/BG_charStand_CG/stand/Login_Creat_BGspa_stand1_CG/login_spa_BGstand06_CG
		CreatCharacter_4/Job4/MainAnimator/BGAnimator/BG_charStand_CG/stand/Login_Creat_BGspa_stand2_CG/login_spa_BGstanduvc201_CG
		CreatCharacter_4/Job4/MainAnimator/BGAnimator/BG_charStand_CG/stand/Login_Creat_BGspa_stand2_CG/login_spa_BGstanduvc203_CG
		Ct01_Build_living03/Build_living03_zc_grass_03
		Ct01_Build_Port01/Build_Port01_zc_caodi_01
		Ct01_Build_Templein/city_new_dimian_02/city_new_dimian_02_04
		Ct01_Fx_Sea/Ct01_seabottom
		Ct02_Prop_Inside08/Inside03_build_elmxy_Paints_05
		Dn_pvp02_Arena01/Dn_pvp02_Arena01/Dn_pvp02_Arena01/Dn_pvp02_Arena06_01
		Dn_pvp02_Arena01/Dn_pvp02_Arena01/Dn_pvp02_Arena06_02
		Dn_pvp04_Palace01/Plant/ntl_shu_02 (1)/ntl_shu_022
		Dn_pvp04_Palace01/Plant/ntl_shu_02 (2)/ntl_shu_022
		Dn_pvp04_Palace01/Plant/ntl_shu_02 (3)/ntl_shu_022
		Dn_pvp04_Palace01/Plant/ntl_shu_02 (4)/ntl_shu_022
		Dn_pvp04_Palace01/Plant/ntl_shu_02 (5)/ntl_shu_022
		Dn_pvp04_Palace01/Plant/ntl_shu_02 (6)/ntl_shu_022
		Dn_pvp04_Palace01/Plant/ntl_shu_02/ntl_shu_022
		Dn_pvp04_Palace01/Plant/ntl_shu_03 (1)/ntl_shu_033
		Dn_pvp04_Palace01/Plant/ntl_shu_03 (2)/ntl_shu_033
		Dn_pvp04_Palace01/Plant/ntl_shu_03 (3)/ntl_shu_033
		Dn_pvp04_Palace01/Plant/ntl_shu_03 (4)/ntl_shu_033
		Dn_pvp04_Palace01/Plant/ntl_shu_03 (5)/ntl_shu_033
		Dn_pvp04_Palace01/Plant/ntl_shu_03 (6)/ntl_shu_033
		Dn_pvp04_Palace01/Plant/ntl_shu_03 (7)/ntl_shu_033
		Dn_pvp04_Palace01/Plant/ntl_shu_03 (8)/ntl_shu_033
		Dn_pvp04_Palace01/Plant/ntl_shu_03 (9)/ntl_shu_033
		Dn_pvp04_Palace01/Plant/ntl_shu_03/ntl_shu_033
		Dn_pvp04_Palace01/Plant/ntl_shu_04 (1)/ntl_shu_044
		Dn_pvp04_Palace01/Plant/ntl_shu_04/ntl_shu_044
		Dn_pvp04_Palace01/Plant/ntl_shu_05 (1)/ntl_shu_055
		Dn_pvp04_Palace01/Plant/ntl_shu_05 (2)/ntl_shu_055
		Dn_pvp04_Palace01/Plant/ntl_shu_05 (3)/ntl_shu_055
		Dn_pvp04_Palace01/Plant/ntl_shu_05 (4)/ntl_shu_055
		Dn_pvp04_Palace01/Plant/ntl_shu_05 (5)/ntl_shu_055
		Dn_pvp04_Palace01/Plant/ntl_shu_05/ntl_shu_055
		Dungn00_Throne01/dungn00_throne01_scenes_04/scenes_04_ntl_guaishu_04
		Dungn00_Throne01/dungn00_throne01_scenes_07/scenes_07_ntl_guaishu_04
		juwangzhehexin/juwangzhehexin
		juwangzhezhishi/juwangzhezhishi
		linghunjiejing
		mine_jsfb_qita_hongshuijing
		mine_jsfb_qita_huangshuijing
		mine_jsfb_qita_lvshuijing
		mine_jsfb_qita_lvshuijing2
		mine_wd02_qita_juxingfushi
		mine_wd03_qita_gouhuo/mine_wd03_qita_guohuo
		mine_wwzc_qita_fuhuachi
		mine_wwzc_qita_fukongshuji/mine_wwzc_qita_fukongshuji
		mine_wwzc_qita_fukongshuji02/Dummy001/mine_wwzc_qita_fukongshuji_01
		mine_wwzc_qita_fukongshuji03/mine_wwzc_qita_fukongshuji_02
		mine_wwzc_qita_furou
		mine_wwzc_qita_shengmingzhiluan
		mine_wwzc_qita_shuijingshi
		mine_wwzc_qita_shuijingshi 1
		mine_wwzc_qita_wuranfuhuachi
		mine_wwzc_wuqi_jianzhi
		mine_wwzc_zawu_fengzhijinglingqizhi/mine_wwzc_zawu_fengzhijinglingqizhi
		mine_wwzc_zawu_zhusijian/mine_wwzc_qita_zhusijian
		scene_qita_weixingfaqi
		scene_qita_xianxuerongqi
		scene_xiangzi_posun
		scene_yeti_xueji
		SelectChar/Background/SelectChar_sceneanimator/SelectChar_Sceneanimator_01/SelectChar_Scenbase01/sc01_Ntl_login_tree03
		SelectChar/Background/SelectChar_sceneanimator/SelectChar_Sceneanimator_01/SelectChar_Scenbase01/sc01_Prop_login_weapon01
		SelectChar/Background/SelectChar_sceneanimator/SelectChar_Sceneanimator_01/SelectChar_Scenbase01/sc01_Prop_Wd02_xbsl_firewoods01
		SelectChar/Background/SelectChar_sceneanimator/SelectChar_Sceneanimator_01/SelectChar_terrainbase/terrain_slectchar_01
		SelectChar/Background/SelectChar_sceneanimator/SelectChar_Sceneanimator_01/SelectChar_terrainbase/terrain_slectchar_101
		SelectChar/Background/SelectChar_sceneanimator/SelectChar_Sceneanimator_01/SelectChar_terrainbase/terrain_slectchar_102
		SelectChar/Background/SelectChar_sceneanimator/SelectChar_Sceneanimator_01/SelectChar_terrainbase/terrain_slectchar_103
		SelectChar/Background/SelectChar_sceneanimator/SelectChar_Sceneanimator_01/SelectChar_terrainbase/terrain_slectchar_104
		SelectChar/Background/SelectChar_sceneanimator/SelectChar_Sceneanimator_01/SelectChar_terrainbase/terrain_slectchar_105
		SelectChar/Background/SelectChar_sceneanimator/SelectChar_Sceneanimator_01/SelectChar_terrainbase/terrain_slectchar_106
		SelectChar/Background/SelectChar_sceneanimator/SelectChar_Sceneanimator_01/SelectChar_terrainbase/terrain_slectchar_107
		SelectChar/Background/SelectChar_sceneanimator/SelectChar_Sceneanimator_01/SelectChar_terrainbase/terrain_slectchar_108
		SelectChar/Background/SelectChar_sceneanimator/SelectChar_Sceneanimator_02/SelectChar_Scenbase02/sc02_build_blsd_fangzhu_01
		SelectChar/Background/SelectChar_sceneanimator/SelectChar_Sceneanimator_02/SelectChar_Scenbase02/sc02_Build_login_bricks5
		SelectChar/Background/SelectChar_sceneanimator/SelectChar_Sceneanimator_02/SelectChar_Scenbase02/sc02_Build_login_bricks6
		SelectChar/Background/SelectChar_sceneanimator/SelectChar_Sceneanimator_02/SelectChar_Scenbase02/sc02_Ntl_login_tree03
		SelectChar/Background/SelectChar_sceneanimator/SelectChar_Sceneanimator_02/SelectChar_Scenbase02/sc02_Prop_login_shiqiang01
		SelectChar/Background/SelectChar_sceneanimator/SelectChar_Sceneanimator_02/SelectChar_Scenbase02/sc02_Prop_login_weapon01
		SelectChar/Background/SelectChar_sceneanimator/SelectChar_Sceneanimator_02/SelectChar_Scenbase02/sc02_Prop_Wd02_xbsl_firewoods01
		SelectChar/Background/SelectChar_sceneanimator/SelectChar_Sceneanimator_02/SelectChar_terrainbase/terrain_slectchar_02
		SelectChar/Background/SelectChar_sceneanimator/SelectChar_Sceneanimator_02/SelectChar_terrainbase/terrain_slectchar_201
		SelectChar/Background/SelectChar_sceneanimator/SelectChar_Sceneanimator_02/SelectChar_terrainbase/terrain_slectchar_202
		SelectChar/Background/SelectChar_sceneanimator/SelectChar_Sceneanimator_02/SelectChar_terrainbase/terrain_slectchar_203
		SelectChar/Background/SelectChar_sceneanimator/SelectChar_Sceneanimator_02/SelectChar_terrainbase/terrain_slectchar_204
		SelectChar/Background/SelectChar_sceneanimator/SelectChar_Sceneanimator_02/SelectChar_terrainbase/terrain_slectchar_205
		SelectChar/Background/SelectChar_sceneanimator/SelectChar_Sceneanimator_02/SelectChar_terrainbase/terrain_slectchar_206
		SelectChar/Background/SelectChar_sceneanimator/SelectChar_Sceneanimator_02/SelectChar_terrainbase/terrain_slectchar_207
		SelectChar/Background/SelectChar_sceneanimator/SelectChar_Sceneanimator_02/SelectChar_terrainbase/terrain_slectchar_208
		shaxingzheshizhu
		shengwujiancezhuangzhi
		shujia
		UIScene_Blacksmith_old/BG/Objects/Temp/UI_build_01/build_asny_mumen01_01
		UIScene_Blacksmith_old/BG/Objects/Temp/UI_build_01/build_asny_mumen01_01 (1)
		UIScene_Blacksmith_old/BG/Objects/Temp/UI_build_01/build_asny_muqiang (1)
		UIScene_Blacksmith_old/BG/Objects/Temp/UI_build_01/pxxg_luzhang_01
		UIScene_Blacksmith_old/BG/Objects/Temp/UI_build_01/pxxg_luzhang_01 (1)
		UIScene_Blacksmith_old/BG/Objects/Temp/UI_build_01/pxxg_luzhang_01 (2)
		UIScene_Blacksmith_old/BG/Objects/Temp/UI_build_01/pxxg_luzhang_01 (3)
		UIScene_Blacksmith_old/BG/Objects/Temp/UI_Prop_01/prop_jdc_tieliao_03 (1)
		UIScene_Blacksmith_old/BG/Objects/Temp/UI_Prop_01/prop_jdc_tieliao_03 (3)
		walidui
		Wd02_Build_sd04/sdB04_hjasd_hama_01
		Wd02_Fx_jlzqpool/underwater_wd02
		Wd02_LF_GRocks_pxxg03/LF_GRocks_pxxg03_Terrain_pxxg_01
		Wd02_LF_GRocks_pxxg03/LF_GRocks_pxxg03_Terrain_pxxg_02
		Wd02_LF_GRocks_sd03/LF_GRocks_sd03_Terrain_hjisd_01
		Wd02_LF_GRocks_sd03/LF_GRocks_sd03_Terrain_hjisd_02
		Wd02_Ntl_Splants_jlzq/Splants_jlzq_nti_wd04_zhiwu_09
		Wd02_Ntl_Trees_jlzq02/gy_shu_08_05 (7)/Camcollider/gy_shugen_01
		Wd02_Ntl_Tress_zzsl01/gy_shu_08_01 (1)/gy_shugen_01
		Wd02_Ntl_Tress_zzsl01/gy_shu_08_01/gy_shugen_01
		Wd02_Ntl_Tress_zzsl01/gy_shu_08_06 (1)/gy_shugen_01
		Wd02_Ntl_Tress_zzsl02/gy_shu_08_06 (2)/gy_shugen_01
		Wd02_Ntl_Tress_zzsl02/gy_shu_08_06/gy_shugen_01
		Wd02_Ntl_Tress_zzsl03/gy_shu_08_01 (1)/gy_shugen_01
		Wd02_Ntl_Tress_zzsl03/gy_shu_08_01 (2)/gy_shugen_01
		Wd02_Ntl_Tress_zzsl03/gy_shu_08_06 (2)/gy_shugen_01
		Wd02_Ntl_Tress_zzsl03/gy_shu_08_06 (5)/gy_shugen_01
		Wd02_Ntl_Tress_zzsl04/gy_shu_08_03/gy_shugen_01
		Wd02_Prop_xbsl03/xbslP03_xsc_shuzhuang
		Wd03_fx_sea/Quad (1)
		Wd031_Ntl_Grass_wild01_01/Grass_wild01_ntl_shugan_09
		Wd031_Ntl_Grass_wild06/Grass_wild106_ntl_zhiwu_07
		Wd031_Ntl_Grass_wild09/Grass_wild09_ntl_shugan_09
		Wd031_Ntl_Grass_wild10/Grass_wild10_ntl_shugan_09
		Wd031_Ntl_Grass_wild11/Grass_wild11_ntl_shugan_09
		Wd031_Ntl_Grass_wild12/Grass_wild12_ntl_shugan_09
		Wd032_Build_blpy_chengqiang01/Wd032_world03_sghy_grass_01
		Wd032_fx_sea/Water_Wd03_Sea01 (1)
		Wd032_LF_Mountainfar/LF_Mountainfar_lf01_bdlpy_yanshi03
		Wd032_LF_Mountainfar/LF_Mountainfar_lf01_gnl_xueshan_03
		Wd032_LF_Mountainfar_snow/LF_Mountainfar_snow_lf01_gnl_xueshan_01
		Wd041_Ntl_Trees_Green06/build_kmybl_zhiwu_01
		Wd041_Ntl_Trees_Green06/build_kmybl_zhiwu_01 (2)
		Wd041_Ntl_Trees_sand/ntl_plant_xiaobaishu_01 (2)
		Wd042_fx_sea/Quad
		Wd042_fx_sea2/Quad
		Wd042_Ntl_Trees01/ntl_plant_shugan03/ntl_plant_shugan033
		Wd042_Ntl_Trees03/ntl_plant_shugan02 (17)/ntl_plant_shugan022
		Wd042_Ntl_Trees03/ntl_plant_shugan02 (18)/ntl_plant_shugan022
		Wd042_Ntl_Trees03/ntl_plant_shugan02 (19)/ntl_plant_shugan022
		Wd042_Ntl_Trees03/ntl_plant_shugan03 (3)/ntl_plant_shugan033
		Wd042_Ntl_Trees04/ntl_plant_shugan03/ntl_plant_shugan033
		Wd042_Ntl_Trees04/ntl_plant_shugan06 (8)/ntl_plant_shugan066
		Wd042_Ntl_Trees05/ntl_plant_shugan02 (21)/ntl_plant_shugan022
		Wd042_Ntl_Trees05/ntl_plant_shugan02/ntl_plant_shugan022
		Wd042_Ntl_Trees05/ntl_plant_shugan05/ntl_plant_shugan055
		Wd042_Ntl_Trees06/ntl_plant_shugan02 (1)/ntl_plant_shugan022
		Wd042_Ntl_Trees06/ntl_plant_shugan03 (1)/ntl_plant_shugan033
		Wd042_Ntl_Trees06/ntl_plant_shugan03 (3)/ntl_plant_shugan033
		Wd042_Ntl_Trees06/ntl_plant_shugan05 (1)/ntl_plant_shugan055
		Wd042_Prop_jlys06_01/Prop_jlys06_Grass_AUN_10
		Wd042_Prop_jlys08_01/jlys08_build_qfzg_ditan_01
		Wd05_Ntl_Tree_01/ntl_plant_shugan16 (2)/ntl_plant_shugan166
		Wd05_Ntl_Tree_01/ntl_plant_shugan16 (3)/ntl_plant_shugan166
		Wd05_Ntl_Tree_01/ntl_songshu_03 (2)/ntl_songshu_03_02
		Wd05_Ntl_Tree_02/ntl_guaishu_01_02 (1)
		Wd05_Ntl_Tree_02/ntl_huashu_03_01/ntl_huashu_03_02
		Wd05_Ntl_Tree_02/ntl_huashu_03_03/ntl_huashu_03_04
		Wd05_Ntl_Tree_02/ntl_songshu_02/ntl_songshu_02_02
		Wd05_Ntl_Tree_02/ntl_songshu_03 (3)/ntl_songshu_03_02
		Wd05_Ntl_Tree_03/ntl_plant_shugan16 (4)/ntl_plant_shugan166
		Wd05_Ntl_Tree_03/ntl_plant_shugan16 (5)/ntl_plant_shugan166
		Wd05_Ntl_Tree_04/ntl_songshu_03 (1)/ntl_songshu_03_02
		Wd05_Ntl_Tree_04/ntl_songshu_03 (4)/ntl_songshu_03_02
		Wd05_Ntl_Tree_04/ntl_songshu_03/ntl_songshu_03_02
		Wd05_Ntl_Tree_05/ntl_guaishu_01_02 (7)
		Wd05_Ntl_Tree_06/ntl_guaishu_01_02 (8)
		Wd05_Ntl_Tree_06/ntl_songshu_03/ntl_songshu_03_02
		Wd05_Ntl_Tree_07/ntl_guaishu_01_02 (6)
		Wd05_Ntl_Tree_07/ntl_guaishu_01_02 (9)
		Wd05_Ntl_Tree_07/ntl_guaishu_01_04
		Wd05_Ntl_Tree_07/ntl_guaishu_01_05
		Wd05_Ntl_Tree_07/ntl_guaishu_01_05 (1)
		Wd05_Ntl_Tree_07/ntl_songshu_03 (1)/ntl_songshu_03_02
		Wd05_Ntl_Tree_07/ntl_songshu_03 (2)/ntl_songshu_03_02
		Wd05_Ntl_Tree_08/ntl_songshu_03 (7)/ntl_songshu_03_02
		Wd05_Ntl_Tree_10/ntl_songshu_03 (8)/ntl_songshu_03_02
		Wd05_Ntl_Tree_11/ntl_songshu_03 (5)/ntl_songshu_03_02
		Wd05_Ntl_Tree_11/ntl_songshu_03 (6)/ntl_songshu_03_02
		Wd05_Ntl_Tree_12/ntl_xinsongshu_04 (1)/ntl_xinsongshu_04_02
		Wd05_Ntl_Tree_13/ntl_xinsongshu_02 (3)/ntl_xinsongshu_02_02
		Wd05_Ntl_Tree_13/ntl_xinsongshu_04 (2)/ntl_xinsongshu_04_02
		Wd05_Ntl_Tree_14/ntl_xinsongshu_02 (4)/ntl_xinsongshu_02_02
		Wd05_Ntl_Tree_15/ntl_xinsongshu_02 (5)/ntl_xinsongshu_02_02
		wd06_ntl_trees_01/ntl_kushu_01_03
		wd06_ntl_trees05/ntl_kushu_01_02 
